Ingreso,Nivel_Deuda,Nivel_Estudios,Edad,Mora
2252.0,62.84793480837146,4. Universitaria,59,0
2569.0,56.0661954701824,4. Universitaria,50,0
2176.0,43.70900528457393,4. Universitaria,47,0
1738.0,33.61518888992036,4. Universitaria,28,1
2617.0,52.8317616230513,5. Post grado,39,0
2617.0,48.47836264888214,3. Tecnico,54,0
1710.0,55.6456174289676,3. Tecnico,40,0
2116.0,51.93102573831386,4. Universitaria,56,0
2735.0,57.850753075990525,3. Tecnico,35,0
2229.0,35.210925549134735,3. Tecnico,47,0
2732.0,61.677058080490355,5. Post grado,44,0
2733.0,45.679994352748565,4. Universitaria,33,0
2379.0,72.5037267517895,4. Universitaria,54,0
3457.0,33.01160259872046,4. Universitaria,55,0
3362.0,67.65662575950354,3. Tecnico,48,0
2781.0,45.68443976375211,4. Universitaria,35,0
3006.0,33.551171376936445,4. Universitaria,56,0
2343.0,35.94448808493829,5. Post grado,66,0
2954.0,38.28075274008115,3. Tecnico,47,0
3206.0,48.91665637717025,4. Universitaria,39,0
1767.0,50.326221257650005,3. Tecnico,34,1
2613.0,34.661428515163145,3. Tecnico,47,0
2466.0,42.50922011055742,2. Secundaria,47,0
3212.0,73.46100512302662,4. Universitaria,34,0
2772.0,67.53633100143875,5. Post grado,58,0
2445.0,49.09033813820045,3. Tecnico,47,0
3075.0,43.40004968811714,2. Secundaria,42,0
2312.0,44.57187609597515,2. Secundaria,40,0
2800.0,51.62168532472027,3. Tecnico,48,0
2646.0,28.245820497165624,4. Universitaria,43,0
2801.0,39.18033517966649,3. Tecnico,63,0
1574.0,19.020227516034435,4. Universitaria,49,0
2507.0,48.56033032293257,3. Tecnico,40,0
3029.0,52.10279913861058,3. Tecnico,51,0
2089.0,35.95447911000892,3. Tecnico,43,0
3110.0,65.34266804700047,1. Primaria,40,0
2396.0,25.346204814252282,3. Tecnico,46,0
3480.0,21.937501711288274,4. Universitaria,42,0
3164.0,46.0635974079996,4. Universitaria,51,0
2131.0,66.9132527351124,4. Universitaria,39,1
2414.0,36.30165338758657,4. Universitaria,42,0
2558.0,58.26686904901851,4. Universitaria,48,0
2651.0,42.30702186427559,3. Tecnico,42,0
3239.0,40.39103857227401,4. Universitaria,38,0
2860.0,55.480856249809584,3. Tecnico,60,0
2730.0,52.17604112019172,3. Tecnico,34,0
1971.0,20.337254900225002,4. Universitaria,46,0
2328.0,63.95057642465564,4. Universitaria,40,0
2338.0,33.92053283557814,3. Tecnico,54,0
2693.0,48.51147904910584,4. Universitaria,49,0
2838.0,49.9147169468963,4. Universitaria,46,0
2194.0,46.58105379748435,4. Universitaria,50,0
1985.0,34.995640659351146,4. Universitaria,30,0
2034.0,33.26252331517069,4. Universitaria,50,0
2920.0,42.49208470012221,4. Universitaria,48,0
2655.0,59.61041456084806,3. Tecnico,42,0
2334.0,50.622859351349014,3. Tecnico,53,0
2012.0,37.56265239876991,3. Tecnico,47,0
2740.0,53.8814101521192,3. Tecnico,41,0
2593.0,2.163676848141779,4. Universitaria,46,0
3053.0,59.268081433887176,3. Tecnico,44,0
3098.0,18.004088874598573,4. Universitaria,48,0
2094.0,37.679415122812365,3. Tecnico,56,0
1822.0,26.861858648197945,4. Universitaria,41,0
2536.0,24.36169320398707,5. Post grado,29,0
1998.0,59.44038267683602,4. Universitaria,43,1
2319.0,36.175697124115835,2. Secundaria,42,0
2823.0,47.80719831043879,3. Tecnico,38,0
2319.0,42.1868488731545,3. Tecnico,54,0
1731.0,49.672011817473155,2. Secundaria,30,1
2518.0,43.954598443717934,3. Tecnico,42,0
1718.0,24.528682511591857,3. Tecnico,30,1
3810.0,57.089525992102,4. Universitaria,49,0
2089.0,35.8034773834098,4. Universitaria,29,1
2456.0,20.62025859057499,3. Tecnico,37,0
2650.0,36.74121198620122,2. Secundaria,39,0
2454.0,64.29656843763303,4. Universitaria,42,0
3494.0,55.003167744478475,4. Universitaria,45,0
2610.0,37.876398079887736,3. Tecnico,34,0
2321.0,37.86774708116533,3. Tecnico,42,0
1761.0,38.26235641118027,4. Universitaria,59,0
2759.0,72.52497119372633,5. Post grado,52,0
2904.0,48.31336360330791,4. Universitaria,45,0
2751.0,49.00059495987242,4. Universitaria,41,0
2336.0,46.26841655752162,4. Universitaria,34,0
2765.0,39.156540773989946,4. Universitaria,59,0
2243.0,40.052145013071744,2. Secundaria,42,0
2451.0,41.83426772265622,3. Tecnico,58,0
2016.0,42.325396621288014,3. Tecnico,37,1
2851.0,53.25185062338542,3. Tecnico,44,0
2664.0,43.59922694010428,4. Universitaria,40,0
2696.0,53.32342967450828,3. Tecnico,50,0
3232.0,41.70404885559168,4. Universitaria,33,0
2352.0,43.98050271880129,3. Tecnico,35,1
2369.0,14.311418792398456,4. Universitaria,39,0
2497.0,55.947538210035454,5. Post grado,45,0
2617.0,47.80697822711417,3. Tecnico,39,0
3208.0,57.11443014085218,3. Tecnico,49,0
2710.0,1.4820660258044325,4. Universitaria,37,0
2671.0,72.69106721115323,4. Universitaria,30,1
2901.0,40.86300531206896,3. Tecnico,35,0
2581.0,58.68832595339316,4. Universitaria,49,0
2298.0,28.00134389820667,2. Secundaria,41,0
1557.0,51.61105578660814,4. Universitaria,54,0
2413.0,27.808349097519198,3. Tecnico,39,0
2371.0,33.94615770434563,4. Universitaria,40,0
2537.0,70.20044791238266,3. Tecnico,58,0
3459.0,40.13310856052362,4. Universitaria,53,0
2513.0,45.96332675971035,4. Universitaria,46,0
2470.0,55.286681866982214,3. Tecnico,46,1
1268.0,49.93831268532293,4. Universitaria,53,0
2596.0,45.005984359193974,3. Tecnico,40,1
2349.0,48.07087146380322,4. Universitaria,41,0
2517.0,77.19165121768964,4. Universitaria,45,0
3084.0,42.03401718523449,4. Universitaria,50,0
1929.0,45.72998638164236,5. Post grado,35,0
2124.0,57.86649137153732,4. Universitaria,30,0
2104.0,58.65037047082835,1. Primaria,47,0
2955.0,59.814718650862574,3. Tecnico,48,0
1799.0,51.981860314702644,4. Universitaria,40,1
2207.0,66.19187903287279,3. Tecnico,45,0
1405.0,26.480780099733032,3. Tecnico,38,0
2995.0,47.18050664627191,4. Universitaria,59,0
2783.0,32.081773571152034,3. Tecnico,33,1
2450.0,41.94088076295723,3. Tecnico,43,0
2752.0,47.55374871862114,3. Tecnico,47,0
3275.0,47.447960220718194,3. Tecnico,44,0
2466.0,48.8845822033612,3. Tecnico,44,0
3031.0,65.91016098655211,3. Tecnico,57,0
2263.0,49.33620430734256,3. Tecnico,32,1
1725.0,56.62981668983369,4. Universitaria,40,1
2892.0,59.84957841320916,3. Tecnico,36,0
2661.0,25.31988835518583,2. Secundaria,52,0
2093.0,51.39142956928371,4. Universitaria,40,1
3115.0,52.873896318727155,4. Universitaria,46,0
2386.0,38.606235666285826,3. Tecnico,37,0
1846.0,62.51009733302314,3. Tecnico,61,0
3304.0,40.713491613821034,3. Tecnico,44,0
2408.0,44.6510921924506,3. Tecnico,48,0
2370.0,40.38468822451615,4. Universitaria,40,0
2109.0,43.07970067973526,2. Secundaria,40,0
3118.0,27.19607018721139,5. Post grado,49,0
3160.0,22.28498739151006,4. Universitaria,49,0
2239.0,65.63578661749959,4. Universitaria,44,0
2352.0,30.757695024023896,5. Post grado,51,0
2375.0,28.69439500776702,4. Universitaria,37,0
2327.0,12.09442694851836,2. Secundaria,46,0
2840.0,33.72911789015,3. Tecnico,67,0
2384.0,23.955860094178608,3. Tecnico,46,0
2353.0,66.31450228766244,4. Universitaria,52,0
2857.0,57.28310127632332,4. Universitaria,57,0
1567.0,33.026423640318264,4. Universitaria,53,0
2263.0,75.0347972192044,4. Universitaria,43,1
3096.0,56.88236409987992,2. Secundaria,33,0
2172.0,38.21669452130543,3. Tecnico,41,0
2987.0,7.1513469303775015,4. Universitaria,48,0
2106.0,75.58489389415344,3. Tecnico,40,1
1921.0,23.006107617662913,3. Tecnico,47,0
2910.0,19.35144647204441,3. Tecnico,49,0
2018.0,57.46529188585201,2. Secundaria,53,0
2294.0,77.71074866198963,4. Universitaria,58,0
2089.0,62.63246883586453,4. Universitaria,47,0
1552.0,50.91298742931942,4. Universitaria,42,0
2623.0,51.35363345236124,4. Universitaria,44,0
2877.0,55.04879369686151,3. Tecnico,47,0
2945.0,53.69897985409663,3. Tecnico,51,0
2908.0,46.874163199562496,4. Universitaria,39,0
2539.0,44.34573005645537,4. Universitaria,54,0
2329.0,41.962955315721146,3. Tecnico,37,0
2362.0,32.086220159047485,4. Universitaria,52,0
2086.0,38.847498901903215,1. Primaria,50,0
2493.0,18.672045511494492,5. Post grado,55,0
1773.0,41.45229104578928,3. Tecnico,48,0
2632.0,28.734412754986927,1. Primaria,36,0
1140.0,27.091581182631835,3. Tecnico,39,1
2187.0,45.42705930219257,4. Universitaria,36,0
2929.0,62.742889804922854,4. Universitaria,39,0
3035.0,55.975951514318744,4. Universitaria,52,0
2259.0,20.421419948240352,2. Secundaria,46,0
2612.0,28.71959804899521,5. Post grado,50,0
2143.0,56.296731256974496,2. Secundaria,33,1
2263.0,28.821608663738424,4. Universitaria,53,0
2536.0,39.648097857185356,4. Universitaria,36,0
2923.0,50.71502998606502,4. Universitaria,36,0
3257.0,29.023650644805215,3. Tecnico,29,0
2723.0,44.36250723065656,5. Post grado,47,0
2072.0,23.799635786882792,3. Tecnico,38,0
2393.0,34.26617651498263,1. Primaria,25,1
3123.0,47.42545620203626,4. Universitaria,48,0
2413.0,20.10008952097618,3. Tecnico,56,0
2307.0,49.149639113720006,4. Universitaria,59,0
2942.0,42.57660287247599,3. Tecnico,38,0
2423.0,50.749856491673505,3. Tecnico,59,0
2471.0,46.05591620092375,4. Universitaria,46,0
3071.0,62.34486328534062,3. Tecnico,40,0
2321.0,44.64606432354152,2. Secundaria,42,0
2220.0,36.72277798392497,4. Universitaria,40,0
1958.0,44.604250043318345,3. Tecnico,42,0
1973.0,50.61854327194837,4. Universitaria,33,0
3189.0,43.55514386179577,4. Universitaria,51,0
2969.0,43.437024160055465,3. Tecnico,49,0
2242.0,32.82869017418921,2. Secundaria,50,0
2243.0,33.38712974927218,3. Tecnico,37,0
2242.0,22.81992468857581,4. Universitaria,36,0
574.0,67.85109633124199,4. Universitaria,40,1
2215.0,25.08766806583879,4. Universitaria,34,0
1932.0,32.95849717434418,3. Tecnico,53,0
2023.0,32.59418192044003,3. Tecnico,30,1
2174.0,55.641776813492015,4. Universitaria,31,0
2658.0,38.6435760243996,4. Universitaria,38,0
2121.0,60.68202960962478,3. Tecnico,29,1
2886.0,33.235848225087594,4. Universitaria,57,0
2618.0,46.842773746054306,4. Universitaria,48,0
2743.0,30.9236135248606,1. Primaria,49,0
2459.0,73.50213039676267,4. Universitaria,38,0
1343.0,25.891451156721217,4. Universitaria,52,0
3434.0,47.28315300324323,4. Universitaria,37,0
2157.0,51.91109829903,3. Tecnico,33,1
3306.0,48.768558535021434,4. Universitaria,38,0
2736.0,40.21017630174702,4. Universitaria,41,0
1956.0,41.002561432379636,2. Secundaria,51,0
2468.0,43.483021028273,2. Secundaria,50,0
3039.0,40.75711426245017,4. Universitaria,34,0
2858.0,56.62684452564157,5. Post grado,37,0
2160.0,74.43604287987645,3. Tecnico,44,1
2865.0,34.89297449988809,4. Universitaria,47,0
2392.0,23.28852886315604,3. Tecnico,60,0
2477.0,41.59597073783922,5. Post grado,52,0
2826.0,79.71013339506173,3. Tecnico,28,1
1428.0,31.376077600432417,4. Universitaria,54,0
2183.0,66.27309722062955,3. Tecnico,42,0
3513.0,66.82429734394917,3. Tecnico,35,0
2407.0,34.9487394041715,4. Universitaria,54,0
2831.0,50.985472559789635,4. Universitaria,42,0
2074.0,66.11995175897911,3. Tecnico,36,1
2896.0,37.441032271607305,3. Tecnico,43,0
2557.0,39.94885199853773,3. Tecnico,21,1
2248.0,34.5474155150194,1. Primaria,57,0
2067.0,28.360618132959054,5. Post grado,35,0
3100.0,33.581749356199914,2. Secundaria,45,0
2667.0,25.37228190339635,3. Tecnico,37,0
2737.0,43.34404954656034,4. Universitaria,40,0
2827.0,31.85752527059082,4. Universitaria,49,0
1617.0,46.19694159701065,4. Universitaria,42,1
2298.0,20.630062197091018,3. Tecnico,58,0
3130.0,47.58400331734943,4. Universitaria,39,0
2041.0,54.764699451556076,2. Secundaria,41,1
1439.0,14.375205106122074,4. Universitaria,38,0
1984.0,48.20080814067959,4. Universitaria,35,0
3260.0,60.395271321047005,4. Universitaria,41,0
2742.0,25.576556875839934,3. Tecnico,42,0
1867.0,66.75103409768148,3. Tecnico,51,0
2854.0,48.843128705229205,4. Universitaria,49,0
2278.0,32.78554491773701,5. Post grado,34,0
2113.0,42.06044174774706,3. Tecnico,32,0
2963.0,50.83324160745318,3. Tecnico,45,0
2530.0,43.94293416303446,3. Tecnico,43,0
3012.0,29.70466295600906,4. Universitaria,34,0
2626.0,45.276583200515425,3. Tecnico,38,0
3124.0,22.661221472786,3. Tecnico,28,0
1684.0,41.268199123589994,5. Post grado,51,0
3215.0,29.944176550503038,3. Tecnico,47,0
2720.0,32.34957224871763,4. Universitaria,42,0
2435.0,60.51561678872055,4. Universitaria,38,0
1779.0,58.44728743706098,3. Tecnico,45,0
3218.0,51.55911601295967,4. Universitaria,50,0
1918.0,27.252674790391723,4. Universitaria,36,0
2495.0,38.33702214721715,3. Tecnico,38,0
2991.0,60.18710999970261,4. Universitaria,51,0
2269.0,44.88167019485577,4. Universitaria,33,0
2400.0,75.9904219997385,3. Tecnico,34,1
2800.0,48.47596913420532,4. Universitaria,42,0
2465.0,45.6007016641433,3. Tecnico,43,0
2693.0,38.441193368535714,3. Tecnico,39,0
2443.0,44.76487006831835,5. Post grado,50,0
2169.0,40.67900233742083,4. Universitaria,43,0
1707.0,52.9729810955513,3. Tecnico,61,0
3119.0,56.52431881135119,4. Universitaria,36,0
1433.0,31.628721992743614,4. Universitaria,56,0
3476.0,23.83952923488888,3. Tecnico,31,0
2576.0,16.62563752709578,3. Tecnico,46,0
2206.0,50.11416181303634,4. Universitaria,45,0
2360.0,27.09476276894467,4. Universitaria,49,0
2811.0,12.101562957821674,2. Secundaria,46,0
2604.0,48.40826577901378,2. Secundaria,32,1
2747.0,78.47142167761127,3. Tecnico,63,0
2795.0,42.77041554943009,3. Tecnico,33,0
2075.0,54.835582492166324,4. Universitaria,41,0
2321.0,44.02613369353666,4. Universitaria,53,0
2846.0,41.44443352584086,3. Tecnico,52,0
2050.0,55.98680689982528,3. Tecnico,30,1
2346.0,38.71036365444783,2. Secundaria,51,0
2094.0,46.67703305817005,3. Tecnico,53,0
2185.0,47.45282580280019,5. Post grado,34,0
2914.0,33.312993519385,3. Tecnico,41,0
2780.0,57.02917642195031,4. Universitaria,51,0
2126.0,40.35771776149417,4. Universitaria,42,0
2195.0,32.060783435816504,3. Tecnico,52,0
2510.0,50.5215691938629,1. Primaria,35,0
2441.0,30.021885974413742,1. Primaria,35,0
1861.0,43.25973081955894,3. Tecnico,39,0
2796.0,42.72687147651139,4. Universitaria,41,0
2226.0,58.369936654736875,3. Tecnico,29,1
2601.0,49.63854618399934,3. Tecnico,44,0
2609.0,42.49961487506937,4. Universitaria,53,0
1951.0,54.5395185600041,2. Secundaria,40,0
2087.0,62.717250700247305,3. Tecnico,27,1
2093.0,50.825861519312355,3. Tecnico,52,0
1847.0,43.00503742633399,3. Tecnico,46,0
2489.0,24.116625252140572,3. Tecnico,40,0
2159.0,27.64123338463751,3. Tecnico,44,0
2655.0,38.49678993779046,4. Universitaria,51,0
2338.0,34.149825683438834,4. Universitaria,35,0
2565.0,40.18612424306505,4. Universitaria,25,0
2452.0,43.6664274985301,3. Tecnico,42,0
2202.0,50.42418220509616,3. Tecnico,51,0
2909.0,41.850017456298694,3. Tecnico,56,0
1454.0,49.80716634037431,2. Secundaria,41,0
3003.0,43.77820592585885,4. Universitaria,35,0
3107.0,14.636191909230408,3. Tecnico,40,0
1921.0,29.438065802589215,4. Universitaria,44,0
2104.0,40.798749203976925,4. Universitaria,48,0
2188.0,25.575789387984166,3. Tecnico,52,0
2186.0,51.42755328566005,3. Tecnico,37,0
2506.0,64.72501189062427,4. Universitaria,36,1
2949.0,60.2680264528188,4. Universitaria,56,0
2462.0,39.807958986711306,5. Post grado,31,0
2839.0,64.15323052642786,4. Universitaria,39,0
2012.0,44.98096367431589,3. Tecnico,32,1
2574.0,38.04162898402801,3. Tecnico,54,0
2913.0,34.094247663700855,3. Tecnico,54,0
2661.0,38.536147335883875,3. Tecnico,45,0
2294.0,37.31175973512532,3. Tecnico,39,0
2782.0,45.29166031964983,4. Universitaria,29,0
2911.0,45.15105687214093,3. Tecnico,38,0
2378.0,42.90065743076306,3. Tecnico,45,0
2378.0,49.099116710662145,3. Tecnico,52,0
2753.0,59.86637535409061,4. Universitaria,34,1
2736.0,56.42220193487607,5. Post grado,51,0
3224.0,6.3725552156863525,4. Universitaria,46,0
3204.0,56.20457016056106,4. Universitaria,31,0
2859.0,23.33030430835115,3. Tecnico,38,0
2607.0,39.64620854439023,4. Universitaria,45,0
1762.0,17.11456517742828,3. Tecnico,46,0
2071.0,50.592324688639835,3. Tecnico,40,0
2580.0,53.70221657575208,4. Universitaria,43,0
2510.0,34.62127998961829,2. Secundaria,48,0
3001.0,5.842252969358468,3. Tecnico,45,0
2509.0,35.05365073925028,4. Universitaria,43,0
2644.0,48.45434293432209,3. Tecnico,61,0
2339.0,21.729834731798167,5. Post grado,40,0
2914.0,45.476570282559365,3. Tecnico,51,0
2240.0,42.63843072610007,4. Universitaria,53,0
1734.0,51.132735708586964,4. Universitaria,57,0
2554.0,44.565433834487905,5. Post grado,58,0
2299.0,28.95615798740635,3. Tecnico,54,0
2155.0,59.95102145234986,4. Universitaria,49,0
2701.0,40.59243467104329,2. Secundaria,28,1
2388.0,42.467078007000936,4. Universitaria,48,0
2494.0,29.524743441811474,5. Post grado,42,0
2451.0,36.52453926869271,4. Universitaria,40,0
2887.0,30.217104085329993,2. Secundaria,42,0
2488.0,40.38648485823683,4. Universitaria,44,0
2251.0,67.3101211448906,4. Universitaria,53,0
1774.0,23.25855510098062,3. Tecnico,32,0
2020.0,19.806265744617995,3. Tecnico,29,0
1423.0,63.873861821337286,3. Tecnico,57,1
2884.0,39.86680461211619,2. Secundaria,52,0
2064.0,33.29896087628693,4. Universitaria,46,0
2408.0,57.7129241056583,4. Universitaria,51,0
1405.0,34.205492289473405,4. Universitaria,39,1
2904.0,68.94299590781345,3. Tecnico,49,0
2920.0,52.54179816198956,4. Universitaria,26,1
2800.0,35.88697988363282,4. Universitaria,34,0
3562.0,73.67583161807859,3. Tecnico,42,0
2763.0,34.20407252852374,4. Universitaria,35,0
2880.0,53.45850531441868,3. Tecnico,35,0
2425.0,47.13275114866417,4. Universitaria,48,0
2329.0,61.453446991411454,4. Universitaria,50,0
1562.0,65.16444566752645,4. Universitaria,43,0
2025.0,43.31434498665381,3. Tecnico,37,0
2788.0,32.09403042362598,3. Tecnico,42,0
2949.0,49.42817347055884,5. Post grado,56,0
2254.0,33.175494717827064,4. Universitaria,50,0
3160.0,71.6198178218089,4. Universitaria,44,0
1584.0,44.807647586896266,4. Universitaria,44,0
1910.0,37.638263552684165,4. Universitaria,28,1
2735.0,45.495432940927266,4. Universitaria,55,0
3357.0,23.61248157814718,4. Universitaria,39,0
1823.0,28.976942306990694,4. Universitaria,32,0
2557.0,60.00591297063467,3. Tecnico,25,1
1881.0,33.472938871837194,3. Tecnico,47,0
3297.0,27.90127167597229,4. Universitaria,40,0
2800.0,50.523610750389814,3. Tecnico,39,0
2497.0,59.7957736380428,4. Universitaria,42,0
2477.0,53.12790443807235,4. Universitaria,44,0
2725.0,57.08639551151169,2. Secundaria,40,0
2189.0,32.04578444900772,2. Secundaria,64,0
3034.0,22.545561903687933,4. Universitaria,38,0
2571.0,64.30476645650697,3. Tecnico,42,0
2440.0,38.24743087368377,3. Tecnico,45,0
2243.0,39.27381405064218,4. Universitaria,27,1
2144.0,61.83134488355796,3. Tecnico,49,0
3062.0,50.80328584858085,2. Secundaria,47,0
3267.0,49.36982531545154,4. Universitaria,28,0
1861.0,73.7857477843012,4. Universitaria,50,0
2334.0,33.66402528028369,3. Tecnico,48,0
2874.0,56.112001829731994,3. Tecnico,45,0
1724.0,43.67161606995835,3. Tecnico,37,1
2442.0,46.69417541233228,3. Tecnico,42,0
1910.0,64.69240609160758,3. Tecnico,54,0
2466.0,50.111939375566074,4. Universitaria,48,0
1470.0,50.54708684356619,3. Tecnico,48,1
1622.0,58.17867624728288,3. Tecnico,44,0
2624.0,37.64353243510164,4. Universitaria,40,0
2014.0,30.86843332372849,4. Universitaria,40,0
2177.0,27.931297228270935,5. Post grado,58,0
1816.0,14.766334437485718,3. Tecnico,35,0
2982.0,72.2315304277189,3. Tecnico,41,0
2157.0,27.097023346833105,4. Universitaria,32,0
1971.0,39.69637680591752,3. Tecnico,40,0
3379.0,38.902667144444,4. Universitaria,35,0
3092.0,47.24866711155859,3. Tecnico,40,0
3520.0,54.51053160770426,4. Universitaria,33,0
2635.0,55.14962126228207,4. Universitaria,39,0
2141.0,34.527465163300846,4. Universitaria,44,0
1749.0,40.46968980305127,3. Tecnico,25,1
2463.0,46.89399929269,4. Universitaria,36,0
1686.0,39.30441248309219,4. Universitaria,39,1
3190.0,65.81922251457131,3. Tecnico,54,0
3352.0,49.871070737689294,4. Universitaria,54,0
2528.0,53.355396943568856,5. Post grado,41,0
2308.0,52.32687526667732,2. Secundaria,42,0
2516.0,59.62105510693324,2. Secundaria,48,0
3534.0,45.44316512433867,4. Universitaria,42,0
2545.0,24.330972172059337,3. Tecnico,31,0
3152.0,48.566970739323445,4. Universitaria,38,0
2165.0,33.552044374402435,3. Tecnico,53,0
2317.0,35.305475975003475,3. Tecnico,44,0
2970.0,51.23377169650131,4. Universitaria,50,0
2757.0,60.546901020480504,4. Universitaria,47,0
3030.0,43.161022524800885,4. Universitaria,47,0
2531.0,47.26904303712805,4. Universitaria,47,0
2022.0,67.17449920907482,4. Universitaria,54,0
2993.0,46.29647399269383,4. Universitaria,45,0
2248.0,80.02404448829138,4. Universitaria,48,1
2765.0,50.935852080450616,3. Tecnico,67,0
2896.0,17.703389154916923,2. Secundaria,27,0
2554.0,53.61916601577903,4. Universitaria,35,0
3018.0,48.30226264118253,3. Tecnico,47,0
2777.0,61.28218220118207,3. Tecnico,43,0
3099.0,52.47401930385658,3. Tecnico,53,0
1518.0,40.87920022880324,3. Tecnico,30,1
2482.0,25.36716805300906,3. Tecnico,28,1
2850.0,39.87109632448535,3. Tecnico,42,0
2393.0,30.706850654152845,4. Universitaria,35,0
2556.0,34.56395071707539,3. Tecnico,42,0
2610.0,51.265405777437245,3. Tecnico,54,0
2193.0,66.71292149073439,4. Universitaria,47,0
2121.0,48.495307568899726,3. Tecnico,42,0
2765.0,25.773099113783083,3. Tecnico,47,0
2788.0,49.208609546002,4. Universitaria,45,0
2638.0,59.95187838065215,3. Tecnico,44,0
3651.0,34.14595850972312,1. Primaria,44,0
3258.0,40.94261190467261,4. Universitaria,43,0
1817.0,43.06697421041711,4. Universitaria,52,0
1678.0,31.644309813110866,3. Tecnico,49,0
2625.0,52.11829191205515,3. Tecnico,54,0
2212.0,41.12931216274597,4. Universitaria,36,0
2344.0,48.850463484386076,2. Secundaria,60,0
961.0,30.17868317425571,4. Universitaria,34,0
1940.0,36.60773856680843,3. Tecnico,32,1
2564.0,53.176876540396734,4. Universitaria,46,0
2978.0,37.53095497011762,2. Secundaria,64,0
3303.0,67.5280550176201,1. Primaria,46,0
2398.0,37.148054491219995,4. Universitaria,44,0
2878.0,46.066924653598356,4. Universitaria,52,0
3211.0,56.17986902675843,3. Tecnico,48,0
2823.0,22.59477524381384,4. Universitaria,31,0
3041.0,17.702731257417476,4. Universitaria,38,0
1656.0,21.06205264899863,3. Tecnico,51,0
2059.0,60.894058620388336,5. Post grado,56,0
2504.0,34.97345505867934,4. Universitaria,46,0
1760.0,79.40284693811789,4. Universitaria,45,0
2461.0,34.79646287632302,4. Universitaria,40,0
2931.0,45.49359004567197,2. Secundaria,48,0
1738.0,64.88728503668396,4. Universitaria,39,1
2231.0,71.51561268798748,3. Tecnico,28,1
3019.0,72.30719395194853,4. Universitaria,37,0
2595.0,60.11951757990204,4. Universitaria,44,0
2938.0,57.486607511592325,3. Tecnico,45,0
3191.0,51.32181356001693,3. Tecnico,46,0
2037.0,53.976586802380545,3. Tecnico,34,0
1545.0,34.98306119530665,3. Tecnico,49,0
3199.0,31.168587379681334,4. Universitaria,43,0
2219.0,42.80893632270065,4. Universitaria,43,0
2825.0,40.425933963929594,4. Universitaria,48,0
2744.0,36.38245643818178,4. Universitaria,54,0
2796.0,52.805534963667355,1. Primaria,41,0
2932.0,56.50436012243587,2. Secundaria,44,0
2476.0,44.12009837559783,4. Universitaria,39,0
2915.0,63.964715443646625,4. Universitaria,48,0
2365.0,26.54729836952135,3. Tecnico,34,0
2525.0,40.09057915314688,3. Tecnico,51,0
2619.0,32.61682399138849,3. Tecnico,30,0
2954.0,16.19233404181344,4. Universitaria,57,0
2788.0,41.67599020224714,4. Universitaria,40,0
2122.0,41.117892737381695,3. Tecnico,40,0
2250.0,64.47785347488758,3. Tecnico,50,0
2989.0,51.86873835078255,5. Post grado,40,0
2450.0,28.225902509582795,4. Universitaria,33,0
2124.0,69.34417951905984,4. Universitaria,61,0
3335.0,60.30048136464791,3. Tecnico,39,0
2228.0,51.17282433526594,1. Primaria,63,0
2831.0,39.621655730716654,3. Tecnico,51,0
2882.0,37.53990319898493,3. Tecnico,48,0
3402.0,58.41069456720268,3. Tecnico,53,0
3314.0,69.7798043704944,3. Tecnico,45,0
2476.0,64.90347897531699,3. Tecnico,27,1
2370.0,35.87357968876752,1. Primaria,58,0
2952.0,26.86260809587126,4. Universitaria,52,0
2181.0,44.86980352730292,3. Tecnico,32,1
3331.0,17.593723349102117,4. Universitaria,29,0
2533.0,47.47382448835403,3. Tecnico,44,0
3106.0,40.748534481447585,4. Universitaria,53,0
2826.0,36.19947854473943,4. Universitaria,27,0
2476.0,20.075670467617204,4. Universitaria,31,0
2930.0,50.19428723671027,3. Tecnico,38,0
2692.0,35.24713086197269,3. Tecnico,50,0
1997.0,26.14404520413875,4. Universitaria,44,0
2788.0,1.8248255245478666,3. Tecnico,45,0
2082.0,42.464072784990925,4. Universitaria,41,0
3065.0,68.17502280956776,4. Universitaria,32,1
2235.0,66.58941735068383,4. Universitaria,36,0
1779.0,36.327196334481826,4. Universitaria,52,0
3736.0,34.254113423403155,1. Primaria,32,0
2898.0,49.553917943928916,3. Tecnico,41,0
2211.0,28.59449372588155,4. Universitaria,38,0
2602.0,47.16845571170666,4. Universitaria,32,0
2314.0,53.801146834067005,3. Tecnico,52,0
2802.0,60.38476034120441,1. Primaria,44,0
2457.0,41.426370336000645,5. Post grado,48,0
2578.0,39.94751785461477,5. Post grado,56,0
1916.0,30.314534474906296,2. Secundaria,41,0
2373.0,31.044566370859144,3. Tecnico,23,0
2331.0,39.62173011569244,4. Universitaria,58,0
2706.0,48.105221525945424,3. Tecnico,44,0
2744.0,55.908351803332124,5. Post grado,38,0
2716.0,31.383157847423654,3. Tecnico,43,0
2303.0,64.18126527085032,3. Tecnico,44,0
2710.0,38.98394855653474,3. Tecnico,54,0
2355.0,42.55189579502233,4. Universitaria,42,0
1462.0,32.18269029788822,3. Tecnico,50,0
2064.0,8.225139138957996,4. Universitaria,61,0
2663.0,55.48636280515785,3. Tecnico,34,0
1899.0,53.383484244177616,4. Universitaria,36,1
2704.0,38.83817775545406,4. Universitaria,43,0
3519.0,43.814153103212455,4. Universitaria,42,0
3004.0,50.22770311005856,3. Tecnico,35,0
2676.0,35.2992474664815,4. Universitaria,36,0
2491.0,54.203781137454655,3. Tecnico,46,0
1662.0,24.93872252615361,4. Universitaria,33,0
2337.0,47.05082760238043,4. Universitaria,41,0
2610.0,23.47740279109422,4. Universitaria,42,0
2085.0,49.52042832047895,1. Primaria,54,0
3606.0,42.34797882432166,4. Universitaria,41,0
2115.0,59.496276492245315,3. Tecnico,49,1
3239.0,32.36297747431358,3. Tecnico,50,0
1928.0,31.282108042651707,2. Secundaria,52,0
2331.0,45.72241710329918,3. Tecnico,27,1
2708.0,59.266247848981635,3. Tecnico,33,0
2184.0,28.345402586022928,4. Universitaria,28,0
1365.0,43.73828356925674,2. Secundaria,53,0
2409.0,48.98309286186532,3. Tecnico,43,0
2376.0,52.758651532330624,4. Universitaria,54,0
2730.0,45.377736503960364,4. Universitaria,49,0
2925.0,37.613888013095426,4. Universitaria,51,0
2085.0,31.034425419304007,4. Universitaria,34,0
2928.0,44.08776975780536,4. Universitaria,47,0
2464.0,27.54087125734847,2. Secundaria,35,0
2739.0,1.123564521505622,4. Universitaria,39,0
2261.0,49.09371148796665,4. Universitaria,25,1
2333.0,55.77049772980279,3. Tecnico,55,0
1981.0,9.100965206545172,3. Tecnico,33,0
2755.0,28.432418504143747,5. Post grado,34,0
2635.0,51.70220372864571,4. Universitaria,51,0
2989.0,72.24993528159571,3. Tecnico,35,1
2722.0,43.154195823934366,2. Secundaria,41,0
2311.0,32.45710083958378,4. Universitaria,45,0
2122.0,40.244336555645155,5. Post grado,50,0
2961.0,62.49823455925976,3. Tecnico,49,0
2065.0,33.62908315536379,4. Universitaria,27,1
1822.0,31.440114190710666,4. Universitaria,43,0
2293.0,35.96080682597097,4. Universitaria,37,0
1562.0,29.23816273916126,4. Universitaria,50,0
2887.0,44.6095759427828,4. Universitaria,50,0
3122.0,66.06683512099372,5. Post grado,35,0
3389.0,47.472561044514705,3. Tecnico,54,0
1752.0,39.25209282676731,2. Secundaria,47,0
2173.0,38.68841044406364,3. Tecnico,43,0
2528.0,20.52584559004776,4. Universitaria,43,0
2360.0,55.472996816388,4. Universitaria,45,1
3063.0,41.74518289981715,4. Universitaria,40,0
1277.0,40.27885837727678,3. Tecnico,38,1
2435.0,88.47296428571428,3. Tecnico,38,1
2445.0,47.12504154808122,4. Universitaria,51,0
2137.0,32.117270712925944,3. Tecnico,46,0
2259.0,36.76632005420655,3. Tecnico,34,0
2388.0,59.26351013138219,2. Secundaria,36,1
2895.0,44.47529157911091,3. Tecnico,54,0
2264.0,22.3103145954662,3. Tecnico,41,0
1559.0,55.98898477964577,3. Tecnico,59,0
1827.0,33.312227349442935,2. Secundaria,43,0
1703.0,69.61853966025063,3. Tecnico,28,1
2756.0,58.2864009387807,4. Universitaria,51,0
2995.0,36.46683006201784,2. Secundaria,50,0
2563.0,61.15737659621588,3. Tecnico,37,0
2472.0,43.82650729324862,4. Universitaria,56,0
1953.0,55.03962393031744,4. Universitaria,49,0
3346.0,49.78189738992107,3. Tecnico,39,0
1735.0,30.766333500130344,3. Tecnico,49,0
2579.0,33.66357382403629,3. Tecnico,45,0
2713.0,57.57086882258804,3. Tecnico,38,0
3006.0,38.074638112763715,2. Secundaria,40,0
3327.0,37.09073623940005,3. Tecnico,41,0
2088.0,29.21253458072352,3. Tecnico,46,0
2463.0,48.908558079906584,3. Tecnico,41,0
3145.0,72.32178456061636,4. Universitaria,44,0
3148.0,27.606672653510394,3. Tecnico,40,0
2668.0,43.20313509532515,2. Secundaria,47,0
1665.0,63.03172222022043,4. Universitaria,45,1
2630.0,41.71940869648978,4. Universitaria,51,0
3252.0,49.31959708928191,4. Universitaria,44,0
2623.0,27.68009245504458,4. Universitaria,50,0
2636.0,48.97581567439498,4. Universitaria,52,0
3848.0,40.18365335707789,4. Universitaria,41,0
2527.0,56.938999938283786,4. Universitaria,42,0
2615.0,59.819800736639294,3. Tecnico,37,0
2152.0,79.8509091716945,3. Tecnico,47,0
1576.0,51.13761676019395,4. Universitaria,40,1
1937.0,47.51137595117379,2. Secundaria,39,1
2634.0,45.634061451104834,3. Tecnico,40,0
3053.0,37.811910102704466,3. Tecnico,50,0
1213.0,47.69262633516703,4. Universitaria,42,1
2470.0,38.63712271229959,3. Tecnico,41,1
2493.0,45.263728232423055,4. Universitaria,43,0
2512.0,61.67996479439941,3. Tecnico,60,0
2401.0,28.477963353148006,3. Tecnico,42,0
2572.0,59.141122301843495,3. Tecnico,26,0
2787.0,61.673072390569516,4. Universitaria,46,0
2773.0,41.17044961441315,4. Universitaria,49,0
2516.0,12.544930014162933,3. Tecnico,41,0
2772.0,34.173971612936654,4. Universitaria,41,0
2856.0,61.38563637944442,3. Tecnico,34,1
2447.0,42.530456252873144,4. Universitaria,54,0
2627.0,28.581396681501275,3. Tecnico,38,0
1748.0,35.64607255388262,4. Universitaria,39,1
3825.0,54.86600037863647,3. Tecnico,45,0
1954.0,50.667622402876866,3. Tecnico,41,0
1877.0,39.44382715471865,4. Universitaria,35,1
3537.0,37.61679411693302,3. Tecnico,37,0
2671.0,37.26059787080257,3. Tecnico,53,0
2686.0,29.679854507164244,4. Universitaria,37,0
3204.0,65.93393842099202,4. Universitaria,44,0
2889.0,38.25256472555229,5. Post grado,43,0
3055.0,60.24512172607851,3. Tecnico,43,0
1624.0,64.59022931317787,5. Post grado,45,1
2032.0,57.11872711639943,3. Tecnico,34,1
1864.0,36.69113838974218,4. Universitaria,44,0
2139.0,48.62471557623727,3. Tecnico,52,0
3065.0,42.511491337272616,4. Universitaria,47,0
2762.0,29.947116275283875,4. Universitaria,42,0
2255.0,47.4908468817372,3. Tecnico,34,0
3111.0,26.013717269145708,3. Tecnico,39,0
2144.0,59.82399126373663,3. Tecnico,50,0
2620.0,36.21975289573722,3. Tecnico,24,0
2687.0,45.73085222675485,5. Post grado,41,0
2145.0,46.90411245065916,3. Tecnico,33,0
2278.0,39.15850037565605,3. Tecnico,45,0
2680.0,51.23848287821821,4. Universitaria,39,0
1920.0,36.0728049053925,4. Universitaria,37,0
3041.0,55.30424710653207,4. Universitaria,34,1
2192.0,23.628861710760724,4. Universitaria,35,0
2203.0,44.66256542209161,3. Tecnico,37,0
2655.0,70.55612855797548,2. Secundaria,46,0
2337.0,28.566695362777494,3. Tecnico,48,0
3126.0,33.17507184964497,4. Universitaria,41,0
2038.0,50.198683566555935,3. Tecnico,36,1
2592.0,45.42259688485143,2. Secundaria,45,0
2761.0,47.86614427533658,3. Tecnico,35,0
1975.0,49.845530430680896,3. Tecnico,32,0
2852.0,51.92459240802528,1. Primaria,51,0
3204.0,58.70999774223178,3. Tecnico,50,0
3278.0,48.71169509897873,3. Tecnico,45,0
2197.0,39.41060493402086,3. Tecnico,41,0
3140.0,52.46533858861044,3. Tecnico,48,0
1623.0,69.99831335564595,3. Tecnico,33,1
3541.0,40.96237505167752,4. Universitaria,40,0
1652.0,28.935295647562292,2. Secundaria,43,0
2394.0,58.672580989813895,4. Universitaria,55,0
2548.0,41.137411943520036,2. Secundaria,54,0
2772.0,11.819006485513762,3. Tecnico,41,0
2300.0,54.963166816434594,4. Universitaria,61,0
2519.0,35.2095973435154,3. Tecnico,35,0
1948.0,41.56381025279772,5. Post grado,45,0
2443.0,47.599719008128766,3. Tecnico,18,1
2425.0,45.57856685398663,3. Tecnico,25,1
2682.0,52.99216881627201,4. Universitaria,45,0
2528.0,36.63590899185937,3. Tecnico,44,0
2346.0,50.18722568822979,1. Primaria,36,1
3355.0,39.149333177372625,4. Universitaria,30,0
3174.0,53.411578298392904,4. Universitaria,57,0
2128.0,51.64810691447218,2. Secundaria,58,0
2415.0,29.493732827934338,1. Primaria,48,0
2592.0,58.371173088214746,3. Tecnico,39,0
2491.0,35.200522212656466,3. Tecnico,40,0
2326.0,54.40082568973066,2. Secundaria,35,0
2770.0,48.10410447716202,4. Universitaria,53,0
2889.0,69.11690966850175,4. Universitaria,62,0
2402.0,39.66477168040208,2. Secundaria,37,0
2989.0,37.86690291259721,2. Secundaria,50,0
2296.0,42.57971991588954,3. Tecnico,60,0
3351.0,38.52600310236749,4. Universitaria,42,0
1985.0,54.28488431345786,1. Primaria,37,1
2264.0,19.766991308048734,4. Universitaria,44,0
2372.0,27.80453686933781,4. Universitaria,47,0
2009.0,27.602815406011494,3. Tecnico,45,0
1667.0,56.43296559962254,2. Secundaria,46,0
1993.0,67.29447675117035,3. Tecnico,54,0
3420.0,41.36501116375041,3. Tecnico,49,0
3140.0,40.44540395442842,3. Tecnico,39,0
2812.0,43.85788804447403,3. Tecnico,41,0
2487.0,59.45540432297415,3. Tecnico,42,1
2241.0,29.60924094013467,5. Post grado,51,0
2863.0,46.26241403906836,4. Universitaria,45,0
2407.0,56.78853756832043,3. Tecnico,61,0
2878.0,50.01563099914065,4. Universitaria,42,0
2806.0,45.565451665696344,3. Tecnico,32,0
3203.0,57.15780132238771,4. Universitaria,55,0
2962.0,4.239538671439495,2. Secundaria,48,0
3176.0,52.54107599329867,2. Secundaria,41,0
2988.0,33.51320452675112,4. Universitaria,33,0
1973.0,16.705244330622065,4. Universitaria,47,0
2975.0,50.16003713607117,4. Universitaria,49,0
1184.0,62.480836359470814,4. Universitaria,59,0
2253.0,40.8935926481758,3. Tecnico,43,0
2408.0,56.46963638861343,4. Universitaria,27,1
2929.0,65.88968939983779,4. Universitaria,41,0
2150.0,61.641635051200694,3. Tecnico,44,1
2788.0,66.28520756244848,3. Tecnico,41,0
2439.0,53.4589641581699,4. Universitaria,44,0
1220.0,43.93476627002276,3. Tecnico,50,1
2548.0,19.9719169728976,4. Universitaria,37,0
1925.0,39.341964455286444,3. Tecnico,42,0
2852.0,30.81076292405441,3. Tecnico,43,0
1615.0,40.34448839382375,3. Tecnico,33,1
2813.0,44.61721152549266,4. Universitaria,38,0
1594.0,50.73550537200665,4. Universitaria,48,1
2146.0,43.48003494817791,4. Universitaria,35,0
2781.0,67.07215772043931,4. Universitaria,47,0
2184.0,33.96215197522213,4. Universitaria,50,0
2014.0,45.63724936053207,5. Post grado,50,0
2189.0,32.250420204313606,4. Universitaria,58,0
3285.0,23.999678411132766,4. Universitaria,40,0
2864.0,34.117584415638774,4. Universitaria,58,0
2624.0,42.32804575645126,4. Universitaria,53,0
2537.0,36.724253935467715,4. Universitaria,60,0
2190.0,32.96541457323064,3. Tecnico,44,0
2411.0,22.766893376116645,3. Tecnico,45,0
2310.0,21.361137513842824,4. Universitaria,52,0
2195.0,53.71508519556575,4. Universitaria,53,0
2220.0,44.034853613350045,4. Universitaria,40,1
1960.0,22.034978579072423,4. Universitaria,48,0
2083.0,38.43987032785908,4. Universitaria,41,0
2270.0,32.11205134870596,4. Universitaria,51,0
2535.0,47.41677872027399,4. Universitaria,42,0
3330.0,62.00643494318777,3. Tecnico,33,0
2285.0,16.068964719346543,3. Tecnico,39,0
2396.0,44.50037255924885,4. Universitaria,47,0
2364.0,40.56953149190515,4. Universitaria,41,0
3138.0,52.44771537786378,4. Universitaria,45,0
3041.0,45.90280897482413,4. Universitaria,43,0
1973.0,32.114723832302595,4. Universitaria,46,0
2520.0,38.29922949047688,3. Tecnico,45,0
2159.0,31.485344902807306,5. Post grado,42,0
2486.0,58.22867340855146,4. Universitaria,51,0
2485.0,43.16159498102774,3. Tecnico,52,0
2031.0,70.01700979647154,3. Tecnico,55,0
2758.0,41.99055980264829,1. Primaria,56,0
2452.0,32.737046186993396,3. Tecnico,53,0
2731.0,21.23265153410246,4. Universitaria,42,0
2717.0,17.098004624915067,4. Universitaria,51,0
2655.0,20.22662938563585,5. Post grado,39,0
2389.0,46.673237871592626,4. Universitaria,43,0
2739.0,50.12464318899905,4. Universitaria,59,0
1872.0,20.26870425668381,3. Tecnico,38,1
2947.0,55.64340448680165,4. Universitaria,37,0
2593.0,35.95627069023656,4. Universitaria,51,0
2720.0,44.95418588550785,4. Universitaria,40,0
1777.0,65.88886611793464,2. Secundaria,50,1
2402.0,55.66913308379332,4. Universitaria,43,0
1984.0,39.02099074420237,2. Secundaria,54,0
3243.0,30.12582535121019,3. Tecnico,58,0
2366.0,12.116922838152787,3. Tecnico,47,0
2055.0,32.58352401082258,3. Tecnico,44,0
2459.0,39.8409965881758,3. Tecnico,47,0
1967.0,28.754578183554507,5. Post grado,53,0
2759.0,40.98204332725278,4. Universitaria,47,0
1795.0,43.95502689941098,3. Tecnico,41,0
1351.0,39.64491454559888,4. Universitaria,44,0
2681.0,33.57139170252201,4. Universitaria,42,0
1773.0,49.17058070813441,2. Secundaria,34,1
1710.0,27.280013179387907,2. Secundaria,53,0
2761.0,63.01331971066101,4. Universitaria,40,0
2710.0,41.44874096736772,3. Tecnico,34,0
2641.0,43.12642318492636,4. Universitaria,40,0
3172.0,52.974491760807986,5. Post grado,45,0
2959.0,46.18880187519289,4. Universitaria,48,0
3002.0,56.47338048447492,2. Secundaria,35,1
2884.0,46.958916645740345,4. Universitaria,55,0
2517.0,34.10803750513661,4. Universitaria,51,0
2383.0,48.02147893151574,4. Universitaria,47,0
1725.0,26.5181970382763,1. Primaria,34,0
2999.0,44.4079957968075,2. Secundaria,40,0
2008.0,42.38242870507915,1. Primaria,51,0
2607.0,39.88404489610658,4. Universitaria,46,0
2525.0,41.02089269372957,3. Tecnico,48,0
2163.0,15.973585064319451,5. Post grado,49,0
3061.0,35.018215603700575,2. Secundaria,36,0
2309.0,44.18349858773021,4. Universitaria,54,0
2417.0,45.140805599962846,3. Tecnico,31,1
2254.0,28.176069415343463,4. Universitaria,37,0
2355.0,60.93868344092428,4. Universitaria,35,0
1272.0,30.483216454078566,4. Universitaria,47,0
2819.0,56.70653143609626,4. Universitaria,45,0
2765.0,48.95991945530978,4. Universitaria,55,0
2812.0,33.62532414508855,4. Universitaria,48,0
2778.0,68.21872703727873,3. Tecnico,40,1
2819.0,25.805188117764565,4. Universitaria,33,0
1905.0,55.98791676585717,3. Tecnico,52,0
1790.0,57.151175972042566,2. Secundaria,46,1
2785.0,33.276854156047925,4. Universitaria,45,0
2916.0,62.7495042866333,4. Universitaria,55,0
2264.0,39.285049791443505,4. Universitaria,39,0
2776.0,46.98133756114084,3. Tecnico,49,0
2184.0,46.5760262681603,3. Tecnico,45,0
2399.0,40.93844655042074,4. Universitaria,47,0
3258.0,54.44011818799689,3. Tecnico,50,0
1726.0,54.19269600788876,4. Universitaria,44,0
1602.0,17.878114668026004,3. Tecnico,45,0
2806.0,61.4905748982593,3. Tecnico,46,0
2694.0,19.107257313776064,4. Universitaria,49,0
2357.0,57.60780291916652,4. Universitaria,41,0
2333.0,58.952930526108304,4. Universitaria,30,1
2171.0,27.27190813978288,3. Tecnico,42,0
1495.0,36.9883673149345,2. Secundaria,36,1
2588.0,27.06136187877234,4. Universitaria,55,0
2899.0,39.78684242444664,3. Tecnico,42,0
3190.0,38.45665308306084,5. Post grado,52,0
2865.0,53.99515046099056,4. Universitaria,55,0
2517.0,61.57583923028014,4. Universitaria,49,0
1603.0,62.79548301128506,4. Universitaria,34,1
2759.0,34.82617104888143,4. Universitaria,36,0
2388.0,39.868258946506735,4. Universitaria,42,0
2508.0,18.808025825414962,3. Tecnico,56,0
1906.0,31.34471333576873,4. Universitaria,45,0
1237.0,56.640737615678006,5. Post grado,41,1
2765.0,65.93689747926044,5. Post grado,42,0
2745.0,25.223587544572574,4. Universitaria,58,0
1978.0,34.393367726387226,3. Tecnico,51,0
2159.0,42.47991775772962,5. Post grado,44,0
1577.0,46.85944512599435,4. Universitaria,39,1
2208.0,31.291378286833627,4. Universitaria,61,0
2680.0,48.91515777805842,2. Secundaria,45,0
2205.0,36.088009327558346,4. Universitaria,42,0
1946.0,42.65068184459602,3. Tecnico,37,1
2090.0,50.661203542909995,3. Tecnico,38,0
2246.0,42.94888956872772,5. Post grado,39,0
1967.0,36.623058706763295,3. Tecnico,50,0
1915.0,41.291288515345265,3. Tecnico,59,0
1809.0,41.594814868495206,3. Tecnico,47,0
2176.0,37.571271001683876,1. Primaria,35,1
2584.0,39.16005624761286,5. Post grado,32,0
2427.0,65.6949595786388,2. Secundaria,38,0
1897.0,50.870277827732004,4. Universitaria,40,1
2908.0,38.635995456726285,3. Tecnico,40,0
2316.0,52.81363435015337,4. Universitaria,48,0
2697.0,38.08829300348557,4. Universitaria,45,0
2486.0,59.616066251237754,4. Universitaria,30,0
1861.0,48.13774560282992,3. Tecnico,51,0
2404.0,41.32425508565386,5. Post grado,31,0
2477.0,49.253098940146856,3. Tecnico,46,0
3180.0,20.41605497045,4. Universitaria,33,0
2127.0,26.76046472985994,4. Universitaria,55,0
2177.0,25.80107133715635,4. Universitaria,39,0
1418.0,44.89918706805293,2. Secundaria,49,0
2654.0,67.60735713550129,4. Universitaria,55,0
2390.0,74.73285923132329,3. Tecnico,42,1
2375.0,51.97215859201084,4. Universitaria,35,1
1711.0,50.012063927777994,3. Tecnico,50,0
2548.0,17.127746654960877,3. Tecnico,55,0
2360.0,35.104660003799715,2. Secundaria,44,0
2196.0,31.603089258453714,4. Universitaria,44,0
2407.0,33.98789145355549,3. Tecnico,39,0
2723.0,40.455088305931575,3. Tecnico,36,0
2403.0,36.1129917471839,2. Secundaria,44,0
1963.0,14.581431280345875,4. Universitaria,29,1
3013.0,53.54157508739333,3. Tecnico,42,0
2434.0,27.532242489431347,4. Universitaria,46,0
2850.0,46.27495520158786,4. Universitaria,56,0
1902.0,72.48689528214248,3. Tecnico,46,1
3262.0,29.723077263051117,3. Tecnico,46,0
2779.0,6.710178246481011,4. Universitaria,36,0
2311.0,38.77136825885556,3. Tecnico,40,0
1717.0,58.58513764283673,2. Secundaria,53,0
2533.0,70.8335350602942,3. Tecnico,42,1
2778.0,25.292148650679763,3. Tecnico,38,0
1559.0,49.95284604623603,4. Universitaria,31,0
3599.0,41.34359493851235,3. Tecnico,37,0
2280.0,80.63347638595764,3. Tecnico,43,1
2751.0,21.38613816578349,2. Secundaria,40,0
3011.0,46.4819951642082,4. Universitaria,34,0
2146.0,49.53847388236333,4. Universitaria,54,0
2378.0,58.36837607056212,5. Post grado,46,0
2782.0,44.256902192441366,4. Universitaria,50,0
3140.0,47.257864850058596,3. Tecnico,40,0
2064.0,37.26216332254584,4. Universitaria,34,0
2175.0,46.70181344635867,3. Tecnico,48,0
2550.0,37.954396064322715,4. Universitaria,63,0
1577.0,51.73674128365787,3. Tecnico,47,1
3035.0,37.57699519937666,4. Universitaria,36,0
3263.0,48.24429134145977,3. Tecnico,39,0
2846.0,42.43910266164317,5. Post grado,40,0
2523.0,58.94357501103096,4. Universitaria,46,0
2378.0,42.12294680587877,5. Post grado,54,0
2621.0,17.52810759704457,2. Secundaria,39,0
2324.0,60.88459286734275,3. Tecnico,50,0
3126.0,29.91810998767685,3. Tecnico,26,0
1778.0,33.51762373358828,2. Secundaria,39,1
2541.0,34.34769579937869,4. Universitaria,48,0
1941.0,62.49197275958309,2. Secundaria,48,0
2329.0,12.347511228875772,3. Tecnico,44,0
2272.0,87.68212190942849,4. Universitaria,45,1
2215.0,57.94366870094362,3. Tecnico,35,1
2276.0,46.04627020184515,4. Universitaria,42,0
2179.0,42.07294284833876,4. Universitaria,49,0
1835.0,46.93648678368082,4. Universitaria,28,1
2402.0,50.301748976847705,4. Universitaria,43,0
2145.0,52.07450837071512,4. Universitaria,37,0
2545.0,50.79434951433497,2. Secundaria,48,0
1780.0,44.13686687507499,4. Universitaria,41,0
2838.0,40.03802256703816,3. Tecnico,41,0
1600.0,40.69609594780698,4. Universitaria,59,0
2520.0,40.07273885210458,5. Post grado,27,0
3215.0,59.05385852667234,3. Tecnico,33,0
2436.0,51.33652460401231,5. Post grado,47,0
2841.0,0.8515928571428688,4. Universitaria,52,0
2080.0,52.227153950425155,4. Universitaria,41,0
2826.0,45.6390884959825,1. Primaria,43,0
2723.0,42.58987490791574,3. Tecnico,41,0
3445.0,37.30687924158736,3. Tecnico,42,0
2726.0,58.91589599980017,2. Secundaria,39,1
3712.0,56.393235173183676,4. Universitaria,32,0
3292.0,31.816033316805587,3. Tecnico,39,0
2120.0,48.672175530350515,3. Tecnico,52,0
2107.0,28.976332363695917,3. Tecnico,33,0
2287.0,23.148311931586715,2. Secundaria,30,0
2983.0,33.90403964871478,3. Tecnico,18,1
2524.0,55.177049605468,3. Tecnico,52,0
2502.0,56.47321493394409,5. Post grado,42,0
3079.0,50.186934572818465,4. Universitaria,60,0
1748.0,53.21565409782857,4. Universitaria,39,1
2061.0,50.23111838735653,3. Tecnico,48,0
2610.0,33.69312006824351,4. Universitaria,28,0
2487.0,49.02746492391343,1. Primaria,50,1
2396.0,54.29156464610975,2. Secundaria,57,0
3521.0,53.63273328305106,3. Tecnico,47,0
2624.0,59.84161959249492,3. Tecnico,59,0
2841.0,52.97576924572949,4. Universitaria,37,0
3001.0,47.877831536308335,4. Universitaria,60,0
2641.0,58.14500340452037,3. Tecnico,43,0
1601.0,42.478267725013424,3. Tecnico,60,0
2180.0,30.258933553889733,4. Universitaria,46,0
2786.0,40.52761480080336,3. Tecnico,30,1
2214.0,32.21567650276501,4. Universitaria,41,0
